Name	Tax ID	Abundance Score	Relative Abundance	Unique Matches Frequency
Firmicutes	1239	4173.42	47.426	21607
Actinobacteria	201174	1968.5499999999997	22.369999999999997	11229
Proteobacteria	1224	1887.54	21.45	9781
Bacteroidetes	976	770.12	8.751	5720