Name	Tax ID	Abundance Score	Relative Abundance	Unique Matches Frequency
Gammaproteobacteria	1236	35930.149999999994	53.977999999999994	226685
Bacilli	91061	15785.44	23.715	143440
Actinobacteria	201174	12650.839999999997	19.006	58844
Tissierellia	1737404	773.18	1.162	1541
Flavobacteriia	117743	635.06	0.954	12153
Alphaproteobacteria	28211	384.65999999999997	0.578	1916
Clostridia	186801	155.4	0.234	1562
Betaproteobacteria	28216	153.97	0.231	2566
Bacteroidia	200643	96.75	0.145	268