Name	Tax ID	Abundance Score	Relative Abundance	Unique Matches Frequency
Actinobacteria	201174	114379.7	71.21400000000006	3191797
Firmicutes	1239	24819.85	15.456000000000001	273741
Proteobacteria	1224	20692.37	12.880000000000008	166600
Bacteroidetes	976	726.9699999999999	0.45299999999999996	5846