Name	Tax ID	Abundance Score	Relative Abundance	Unique Matches Frequency
Propionibacteriaceae_u_t	31957	197.46	29.137	19
Dermacoccus_u_t	57495	176.82	26.090999999999998	2036
Rothia_u_t	32207	130.22	19.215	8
Staphylococcus capitis	29388	96.49	14.238000000000001	43
Micrococcus luteus	1270	76.71	11.318999999999999	67