Name	Tax ID	Abundance Score	Relative Abundance	Unique Matches Frequency
Proteobacteria	1224	36468.78	54.78699999999999	231167
Firmicutes	1239	16714.020000000004	25.110999999999997	146543
Actinobacteria	201174	12650.839999999997	19.006	58844
Bacteroidetes	976	731.81	1.099	12421