Name	Tax ID	Abundance Score	Relative Abundance	Unique Matches Frequency
Micrococcaceae	1268	206.93	30.534	75
Propionibacteriaceae	31957	197.46	29.137	19
Dermacoccaceae	145357	176.82	26.090999999999998	2036
Staphylococcaceae	90964	96.49	14.238000000000001	43