Name	Tax ID	Abundance Score	Relative Abundance	Unique Matches Frequency
Bacilli	91061	3363.1200000000003	38.217999999999996	20692
Actinobacteria	201174	1968.5499999999997	22.369999999999997	11229
Betaproteobacteria	28216	1504.6000000000001	17.098	7243
Bacteroidia	200643	770.12	8.751	5720
Negativicutes	909932	326.15	3.7060000000000004	248
Clostridia	186801	310.25	3.526	6
Gammaproteobacteria	1236	269.35	3.061	1152
Tissierellia	1737404	173.9	1.976	661
Alphaproteobacteria	28211	113.59	1.291	1386