Name	Tax ID	Abundance Score	Relative Abundance	Unique Matches Frequency
Actinobacteria	201174	832.7199999999999	63.42699999999999	703
Firmicutes	1239	384.76	29.307000000000002	297
Proteobacteria	1224	95.4	7.266	10