Name	Tax ID	Abundance Score	Relative Abundance	Unique Matches Frequency
Actinobacteria	201174	24826.07999999999	74.22000000000003	97609
Gammaproteobacteria	1236	4804.49	14.362999999999998	7637
Bacilli	91061	3387.6900000000005	10.127999999999998	8315
Alphaproteobacteria	28211	327.03999999999996	0.978	7890
Tissierellia	1737404	103.35	0.309	65