Name	Tax ID	Abundance Score	Relative Abundance	Unique Matches Frequency
Actinobacteria	201174	211512.38	53.20300000000002	2852771
Proteobacteria	1224	120651.91	30.35299999999999	2502182
Firmicutes	1239	55452.81000000001	13.946000000000002	368866
Bacteroidetes	976	8940.640000000001	2.2470000000000003	107536
Candidatus Saccharibacteria	95818	534.94	0.134	1775
Fusobacteria	32066	364.36	0.092	198
Verrucomicrobia	74201	93.72	0.024	1244