Name	Tax ID	Abundance Score	Relative Abundance	Unique Matches Frequency
Actinobacteria	201174	832.7199999999999	63.42699999999999	703
Bacilli	91061	384.76	29.307000000000002	297
Gammaproteobacteria	1236	95.4	7.266	10