Name	Tax ID	Abundance Score	Relative Abundance	Unique Matches Frequency
Actinobacteria	201174	24826.07999999999	74.22000000000003	97609
Proteobacteria	1224	5131.53	15.340999999999998	15527
Firmicutes	1239	3491.0400000000004	10.436999999999998	8380